id,source_SR_clause,SL1,SL2,SL3,SL4
SR 1.1,5.3,1,1,1,1
SR 1.1 RE 1,5.3,0,1,1,1
SR 1.1 RE 2,5.3,0,0,1,1
SR 1.1 RE 3,5.3,0,0,0,1
SR 1.2,5.4,0,1,1,1
SR 1.2 RE 1,5.4,0,0,1,1
SR 1.3,5.5,1,1,1,1
SR 1.3 RE 1,5.5,0,0,1,1
SR 1.4,5.6,1,1,1,1
SR 1.5,5.7,1,1,1,1
SR 1.5 RE 1,5.7,0,0,1,1
SR 1.6,5.8,1,1,1,1
SR 1.6 RE 1,5.8,0,1,1,1
SR 1.7,5.9,1,1,1,1
SR 1.7 RE 1,5.9,0,0,1,1
SR 1.7 RE 2,5.9,0,0,0,1
SR 1.8,5.10,0,1,1,1
SR 1.9,5.11,0,1,1,1
SR 1.9 RE 1,5.11,0,0,1,1
SR 1.10,5.12,1,1,1,1
SR 1.11,5.13,1,1,1,1
SR 1.12,5.14,1,1,1,1
SR 1.13,5.15,1,1,1,1
SR 1.13 RE 1,5.15,0,1,1,1
SR 2.1,6.3,1,1,1,1
SR 2.1 RE 1,6.3,0,1,1,1
SR 2.1 RE 2,6.3,0,1,1,1
SR 2.1 RE 3,6.3,0,0,1,1
SR 2.1 RE 4,6.3,0,0,0,1
SR 2.2,6.4,1,1,1,1
SR 2.2 RE 1,6.4,0,0,1,1
SR 2.3,6.5,1,1,1,1
SR 2.3 RE 1,6.5,0,0,1,1
SR 2.4,6.6,1,1,1,1
SR 2.4 RE 1,6.6,0,0,1,1
SR 2.5,6.7,1,1,1,1
SR 2.6,6.8,0,1,1,1
SR 2.7,6.9,0,0,1,1
SR 2.8,6.10,1,1,1,1
SR 2.8 RE 1,6.10,0,0,1,1
SR 2.9,6.11,1,1,1,1
SR 2.9 RE 1,6.11,0,0,1,1
SR 2.10,6.12,1,1,1,1
SR 2.11,6.13,0,1,1,1
SR 2.11 RE 1,6.13,0,0,1,1
SR 2.11 RE 2,6.13,0,0,0,1
SR 2.12,6.14,0,0,1,1
SR 2.12 RE 1,6.14,0,0,0,1
SR 3.1,7.3,1,1,1,1
SR 3.1 RE 1,7.3,0,0,1,1
SR 3.2,7.4,1,1,1,1
SR 3.2 RE 1,7.4,0,1,1,1
SR 3.2 RE 2,7.4,0,0,1,1
SR 3.3,7.5,1,1,1,1
SR 3.3 RE 1,7.5,0,0,1,1
SR 3.3 RE 2,7.5,0,0,0,1
SR 3.4,7.6,0,1,1,1
SR 3.4 RE 1,7.6,0,0,1,1
SR 3.5,7.7,1,1,1,1
SR 3.6,7.8,1,1,1,1
SR 3.7,7.9,0,1,1,1
SR 3.8,7.10,0,1,1,1
SR 3.8 RE 1,7.10,0,0,1,1
SR 3.8 RE 2,7.10,0,0,1,1
SR 3.8 RE 3,7.10,0,0,0,1
SR 3.9,7.11,0,1,1,1
SR 3.9 RE 1,7.11,0,0,0,1
SR 4.1,8.3,1,1,1,1
SR 4.1 RE 1,8.3,0,1,1,1
SR 4.1 RE 2,8.3,0,0,0,1
SR 4.2,8.4,0,1,1,1
SR 4.2 RE 1,8.4,0,0,1,1
SR 4.3,8.5,1,1,1,1
SR 5.1,9.3,1,1,1,1
SR 5.1 RE 1,9.3,0,1,1,1
SR 5.1 RE 2,9.3,0,0,1,1
SR 5.1 RE 3,9.3,0,0,0,1
SR 5.2,9.4,1,1,1,1
SR 5.2 RE 1,9.4,0,1,1,1
SR 5.2 RE 2,9.4,0,0,1,1
SR 5.2 RE 3,9.4,0,0,1,1
SR 5.3,9.5,1,1,1,1
SR 5.3 RE 1,9.5,0,0,1,1
SR 5.4,9.6,1,1,1,1
SR 6.1,10.3,1,1,1,1
SR 6.1 RE 1,10.3,0,0,1,1
SR 6.2,10.4,0,1,1,1
SR 7.1,11.3,1,1,1,1
SR 7.1 RE 1,11.3,0,1,1,1
SR 7.1 RE 2,11.3,0,0,1,1
SR 7.2,11.4,1,1,1,1
SR 7.3,11.5,1,1,1,1
SR 7.3 RE 1,11.5,0,1,1,1
SR 7.3 RE 2,11.5,0,0,1,1
SR 7.4,11.6,1,1,1,1
SR 7.5,11.7,1,1,1,1
SR 7.6,11.8,1,1,1,1
SR 7.6 RE 1,11.8,0,0,1,1
SR 7.7,11.9,1,1,1,1
SR 7.8,11.10,0,1,1,1
