chapter,title_fa,existing_chapter,source_edition,clause_anchor,source_and_work_status,topics_fa
1,مقدمه و دامنهٔ امنیت سایبری صنعتی,فصل ۱,IEC TS 62443-1-1:2009,مقدمه و دامنه؛ نقشهٔ خانواده,موجود؛ بازنویسی آموزشی,تعریف IACS و OT؛ PLC/DCS/SCADA؛ پیامدهای ایمنی و عملیاتی؛ نقش مالک، خدمات و محصول؛ دامنه و محدودیت کتاب
2,واژگان، مدل‌ها و سطوح امنیتی,فصل ۲,IEC TS 62443-1-1:2009; IEC 62443-3-3:2013,مفاهیم و مدل‌ها؛ 3-3 Annex A,موجود؛ اصلاح و یکدست‌سازی,ریسک و تهدید؛ دفاع در عمق؛ ناحیه و مجرا؛ مدل‌های مرجع؛ هفت FR؛ تمایز SL-T/SL-A/SL-C و ML؛ بردار SL
3,برنامهٔ امنیتی مالک دارایی,فصل ۳,IEC 62443-2-1:2024,Clauses 4–13; Annexes A–C,نیازمند متن کامل ۲۰۲۴,حاکمیت و بلوغ؛ SPE 1 سازمان؛ SPE 2 پیکربندی؛ SPE 3 شبکه؛ SPE 4 اجزا؛ SPE 5 داده؛ SPE 6 دسترسی؛ SPE 7 رویداد و حادثه؛ SPE 8 یکپارچگی و دسترس‌پذیری
4,ارزیابی ریسک و طراحی ناحیه‌ها و مجراها,جدید,IEC 62443-3-2:2020,Clause 4; ZCR 1–7; Annexes A–B,نیازمند متن کامل,تعیین SUC؛ ارزیابی اولیه؛ تقسیم‌بندی؛ مقایسه با ریسک قابل‌تحمل؛ ارزیابی تفصیلی و SL-T؛ مستندسازی الزامات؛ تأیید مالک
5,برنامهٔ امنیتی ارائه‌دهندگان خدمات,فصل ۴,IEC 62443-2-4:2023,Clauses 4–5; Annex A normative,نیازمند متن کامل ۲۰۲۳,دامنهٔ خدمات یکپارچه‌سازی و نگهداری؛ پروفایل‌ها و بلوغ؛ ساختار جدول الزامات؛ مسئولیت و شواهد قراردادی؛ شناسه‌ها از متن اصلی
6,الزامات امنیتی سیستم و نگاشت سطوح,فصل ۵,IEC 62443-3-3:2013; COR1:2014,Clauses 4–11; Annex A SL vector; Annex B mapping; COR1 7.6.4/Table B.1,منبع کامل موجود؛ بازسازی اولویت‌دار,قیود عمومی؛ هفت FR؛ تمام SRها و REهای مرتبط با دامنهٔ کتاب؛ نگاشت دقیق؛ اصلاحیه؛ مثال انتخاب کنترل بر پایهٔ ریسک
7,چرخهٔ توسعهٔ امن محصول,جدید,IEC 62443-4-1:2018,Clauses 5–12; Annexes A–B,نیازمند متن کامل,هشت Practice: مدیریت امنیت؛ تعیین الزامات؛ طراحی امن؛ پیاده‌سازی امن؛ آزمون و اعتبارسنجی؛ مدیریت مسائل امنیتی؛ به‌روزرسانی امنیتی؛ راهنمای امنیتی
8,الزامات امنیتی اجزای IACS,جدید,IEC 62443-4-2:2019,Clauses 4–15; Annexes A–B,نیازمند متن کامل,قیود مشترک؛ CR و RE بر اساس هفت FR؛ الزامات SAR/EDR/HDR/NDR؛ تفاوت توانمندی جزء و سیستم؛ انتخاب و پذیرش محصول
9,فناوری‌ها و معماری اجرایی امنیت,فصل ۶,IEC TR 62443-3-1:2009; IEC 62443-3-3:2013,سرفصل‌های فناوری 3-1؛ نگاشت به 3-3 پس از تطبیق,موجود؛ بازنویسی و منابع تکمیلی روزآمد,احراز هویت؛ کنترل دسترسی؛ فایروال و DMZ؛ VPN؛ رمزنگاری؛ پایش؛ سخت‌سازی؛ محدودیت محیط OT؛ جداسازی توصیهٔ جدید از گزارش ۲۰۰۹
10,مدیریت وصله و آسیب‌پذیری,فصل ۷,IEC TR 62443-2-3:2015,Clauses 4–7; Annex A VPC XSD; Annex B asset owner; Annex C supplier/service provider,موجود؛ اصلاح انتساب و تکمیل,مدل وضعیت وصله؛ مسئولیت طرف‌ها؛ VPC؛ ارزیابی و آزمون؛ پنجرهٔ نگهداری و بازگشت؛ سامانه‌های قدیمی؛ الگوی اجرایی نویسنده
11,بهره‌برداری، نگهداری و طرح حفاظت امنیتی,جدید؛ تلفیق مطالب فصل‌های ۳/۴/۹,IEC 62443-2-1:2024; IEC PAS 62443-2-2:2025,2-2 Clauses 4–7; Annexes A–B,نیازمند متن کامل 2-1 و 2-2,رابطهٔ SP و SPS؛ نقش‌ها و رتبه‌بندی حفاظت؛ اعتبارسنجی و نگهداری تدابیر؛ تغییر، پایش، حادثه، پشتیبان‌گیری و بازیابی؛ کاربرد عملی بدون تکرار الزامات
12,کاربرد IEC 62443 در اینترنت اشیای صنعتی,جدید,IEC PAS 62443-1-6:2025,Clauses 4–9,نیازمند متن کامل PAS,تحول مدل عملکردی؛ نقش‌ها؛ ادغام IIoT در برنامهٔ مالک؛ ارزیابی ریسک؛ FRها؛ ارتباطات و قابلیت‌های ابری؛ مرزبندی PAS و استاندارد بین‌المللی
13,مطالعهٔ موردی و مسیر پیاده‌سازی,فصل ۹؛ بازنویسی و توسعه,تألیف نویسنده بر اساس 2-1/3-2/3-3/2-4/4-1/4-2,ارجاع هر تصمیم به بند منبع در زمان نگارش,نمونهٔ واقعی یا سناریوی آموزشی باید ساخته شود,یک سناریوی پیوسته: موجودی و SUC، ارزیابی ریسک، معماری ناحیه/مجرا، SL-T، کنترل‌ها، تأمین، پذیرش، عملیات؛ چک‌لیست شواهد و نقشهٔ راه
14,هوش مصنوعی و چشم‌انداز امنیت صنعتی,ادغام فصل‌های ۸ و ۱۰,تألیف و تحلیل نویسنده؛ منابع مستقل و تاریخ‌دار,فاقد ادعای الزام استانداردی بدون بند منبع,ادغام و تعدیل ادعاها,تشخیص ناهنجاری و کمک به تحلیل؛ کیفیت داده و خطا؛ نظارت انسانی و ایمنی؛ پادیار به‌عنوان مطالعهٔ موردی مستند؛ چشم‌انداز با تفکیک واقعیت و پیش‌بینی
